<!-- liblinks.xml

     NXP MCUXpresso IDE "Smart update wizard" script file
     When executed on a particular application project, will
     add appropriate links to the specified library project.

     Note that this script assumes that the application project
     contains the standard 'Debug' and 'Release' build 
     configurations.
-->

<project name="" update="true">
	<setting id="all.compiler.inc">
		<value>${MacroStart}workspace_loc:/${ProjName}/lwIP${MacroEnd}</value>
		<value>${MacroStart}workspace_loc:/${ProjName}/mdio${MacroEnd}</value>
		<value>${MacroStart}workspace_loc:/${ProjName}/lwip/template{MacroEnd}</value>
		<value>${MacroStart}workspace_loc:/${ProjName}/other${MacroEnd}</value>
		<value>${MacroStart}workspace_loc:/${ProjName}/freertos/freertos_kernel/include${MacroEnd}</value>
		<value>${MacroStart}workspace_loc:/${ProjName}/mmcau${MacroEnd}</value>
		<value>${MacroStart}workspace_loc:/${ProjName}/device${MacroEnd}</value>
		<value>${MacroStart}workspace_loc:/${ProjName}/mbedtls/include${MacroEnd}</value>
		<value>${MacroStart}workspace_loc:/${ProjName}/CMSIS${MacroEnd}</value>
		<value>${MacroStart}workspace_loc:/${ProjName}/source${MacroEnd}</value>
		<value>${MacroStart}workspace_loc:/${ProjName}/utilities${MacroEnd}</value>
		<value>${MacroStart}workspace_loc:/${ProjName}/lwip/src/include${MacroEnd}</value>
		<value>${MacroStart}workspace_loc:/${ProjName}/lwip/port${MacroEnd}</value>
		<value>${MacroStart}workspace_loc:/${ProjName}/phy${MacroEnd}</value>
		<value>${MacroStart}workspace_loc:/${ProjName}/osa${MacroEnd}</value>
		<value>${MacroStart}workspace_loc:/${ProjName}/CMSIS_driver${MacroEnd}</value>
		<value>${MacroStart}workspace_loc:/${ProjName}/board${MacroEnd}</value>
		<value>${MacroStart}workspace_loc:/${ProjName}/drivers${MacroEnd}</value>
		<value>${MacroStart}workspace_loc:/${ProjName}/accel${MacroEnd}</value>
		<value>${MacroStart}workspace_loc:/${ProjName}/component/i2c${MacroEnd}</value>
		<value>${MacroStart}workspace_loc:/${ProjName}/component/lists${MacroEnd}</value>
		<value>${MacroStart}workspace_loc:/${ProjName}/component/osa${MacroEnd}</value>
		<value>${MacroStart}workspace_loc:/${ProjName}/component/serial_manager${MacroEnd}</value>
		<value>${MacroStart}workspace_loc:/${ProjName}/component/uart${MacroEnd}</value>
		<value>${MacroStart}workspace_loc:/${ProjName}/drivers/freertos${MacroEnd}</value>
		<value>${MacroStart}workspace_loc:/${ProjName}/lcd${MacroEnd}</value>
		<value>${MacroStart}workspace_loc:/${ProjName}/lwip/template${MacroEnd}</value>
	</setting>
    <setting id="assembler.inc">
		<value>${MacroStart}workspace_loc:/${ProjName}/lwIP${MacroEnd}</value>
		<value>${MacroStart}workspace_loc:/${ProjName}/mdio-common${MacroEnd}</value>
		<value>${MacroStart}workspace_loc:/${ProjName}/lwIP_HTTPD${MacroEnd}</value>
		<value>${MacroStart}workspace_loc:/${ProjName}/other${MacroEnd}</value>
		<value>${MacroStart}workspace_loc:/${ProjName}/lwIP_udpecho${MacroEnd}</value>
		<value>${MacroStart}workspace_loc:/${ProjName}/mmcau${MacroEnd}</value>
		<value>${MacroStart}workspace_loc:/${ProjName}/phyksz8081${MacroEnd}</value>
		<value>${MacroStart}workspace_loc:/${ProjName}/lwIP_MQTT${MacroEnd}</value>
		<value>${MacroStart}workspace_loc:/${ProjName}/mbedtls${MacroEnd}</value>
		<value>${MacroStart}workspace_loc:/${ProjName}/CMSIS${MacroEnd}</value>
		<value>${MacroStart}workspace_loc:/${ProjName}/source${MacroEnd}</value>
		<value>${MacroStart}workspace_loc:/${ProjName}/Enet ethernet interface${MacroEnd}</value>
		<value>${MacroStart}workspace_loc:/${ProjName}/mmcau_cm4_cm7${MacroEnd}</value>
		<value>${MacroStart}workspace_loc:/${ProjName}/FreeRTOS kernel${MacroEnd}</value>
		<value>${MacroStart}workspace_loc:/${ProjName}/utilities${MacroEnd}</value>
		<value>${MacroStart}workspace_loc:/${ProjName}/USB Host CDC${MacroEnd}</value>
		<value>${MacroStart}workspace_loc:/${ProjName}/lwIP_SNTP${MacroEnd}</value>
		<value>${MacroStart}workspace_loc:/${ProjName}/lwIP_HTTP_srv${MacroEnd}</value>
		<value>${MacroStart}workspace_loc:/${ProjName}/lwIP_MDNS${MacroEnd}</value>
		<value>${MacroStart}workspace_loc:/${ProjName}/lwIP_IPERF${MacroEnd}</value>
		<value>${MacroStart}workspace_loc:/${ProjName}/lwIP_tcpecho_raw${MacroEnd}</value>
		<value>${MacroStart}workspace_loc:/${ProjName}/mbedtls_ksdk${MacroEnd}</value>
		<value>${MacroStart}workspace_loc:/${ProjName}/ili9341${MacroEnd}</value>
		<value>${MacroStart}workspace_loc:/${ProjName}/USB Host Common Header${MacroEnd}</value>
		<value>${MacroStart}workspace_loc:/${ProjName}/phy-common${MacroEnd}</value>
		<value>${MacroStart}workspace_loc:/${ProjName}/USB Host KHCI Controller Driver(FS)${MacroEnd}</value>
		<value>${MacroStart}workspace_loc:/${ProjName}/USB Common Header${MacroEnd}</value>
		<value>${MacroStart}workspace_loc:/${ProjName}/lwIP_udpecho_raw${MacroEnd}</value>
		<value>${MacroStart}workspace_loc:/${ProjName}/USB Host CDC RNDIS${MacroEnd}</value>
		<value>${MacroStart}workspace_loc:/${ProjName}/fxos8700cq${MacroEnd}</value>
		<value>${MacroStart}workspace_loc:/${ProjName}/lwIP_usb_ethernetif${MacroEnd}</value>
		<value>${MacroStart}workspace_loc:/${ProjName}/mdio-enet${MacroEnd}</value>
		<value>${MacroStart}workspace_loc:/${ProjName}/i2c_adapter${MacroEnd}</value>
		<value>${MacroStart}workspace_loc:/${ProjName}/lwIP_HTTPD_support${MacroEnd}</value>
		<value>${MacroStart}workspace_loc:/${ProjName}/lists${MacroEnd}</value>
		<value>${MacroStart}workspace_loc:/${ProjName}/lwIP_tcpecho${MacroEnd}</value>
		<value>${MacroStart}workspace_loc:/${ProjName}/phy-device-ksz8081${MacroEnd}</value>
		<value>${MacroStart}workspace_loc:/${ProjName}/lwIP_ping${MacroEnd}</value>
		<value>${MacroStart}workspace_loc:/${ProjName}/osa${MacroEnd}</value>
		<value>${MacroStart}workspace_loc:/${ProjName}/CMSIS_driver${MacroEnd}</value>
		<value>${MacroStart}workspace_loc:/${ProjName}/drivers${MacroEnd}</value>
		<value>${MacroStart}workspace_loc:/${ProjName}/board${MacroEnd}</value>
		<value>${MacroStart}workspace_loc:/${ProjName}/USB Host Stack${MacroEnd}</value>
    </setting>
	<setting id="linker.libs">
		<value>${ProjName}</value>
	</setting>
	<setting id="linker.paths" buildType="Debug">
		<value>${MacroStart}workspace_loc:/${ProjName}/Debug${MacroEnd}</value>
	</setting>
	<setting id="linker.paths" buildType="Release">
		<value>${MacroStart}workspace_loc:/${ProjName}/Release${MacroEnd}</value>
	</setting>
	<requires msg="Library project `${ProjName}` not found">
		<value>${ProjName}</value>
	</requires>
</project>
